X,Y,id,tag,map,fid,elev,type,bbox
3078002.775,1416001.44,ContourElevations.1,1,g40lc,1,806,contour,"[ 3078000.000000, 1416000.000000, 3078004.350000, 1416004.531700 ]"
3078182.49,1416173.2499999,ContourElevations.2,2,g40lc,2,818,contour,"[ 3078000.000000, 1416000.000000, 3078203.600000, 1416350.790000 ]"
3078165.05,1416168.27,ContourElevations.3,3,g40lc,3,816,contour,"[ 3078000.000000, 1416000.000000, 3078184.010000, 1416332.320000 ]"
3078115.33,1416130.42,ContourElevations.4,4,g40lc,4,810,index,"[ 3078000.000000, 1416000.000000, 3078137.060000, 1416259.410000 ]"
3078002.4299999,1416012.2963001,ContourElevations.5,5,g40lc,5,808,contour,"[ 3078000.000000, 1416000.000000, 3078016.170000, 1416016.642600 ]"
3080805.935,1416304.5,ContourElevations.6,6,g40lc,6,936,contour,"[ 3080614.590000, 1416000.000000, 3080948.799200, 1416608.450400 ]"
3080665.62,1416586.84000025,ContourElevations.7,7,g40lc,7,936,contour,"[ 3080317.830000, 1416000.000000, 3081295.070000, 1417179.000000 ]"
3080180.52,1416005.3599999,ContourElevations.8,8,g40lc,8,934,contour,"[ 3080179.110000, 1416000.000000, 3080187.490000, 1416015.180000 ]"
3082500.445,1416067.57,ContourElevations.9,9,g40lc,9,838,contour,"[ 3082481.520000, 1416000.000000, 3082647.820000, 1416148.490000 ]"
3079166.57759709,1416026.17,ContourElevations.10,10,g40lc,10,870,index,"[ 3079152.070000, 1416000.000000, 3079275.260000, 1416040.670000 ]"
3079206.78430204,1416002.36499996,ContourElevations.11,11,g40lc,11,874,contour,"[ 3079204.710000, 1416000.000000, 3079264.210000, 1416007.320000 ]"
3079184.23788209,1416017.85999967,ContourElevations.12,12,g40lc,12,872,contour,"[ 3079173.210000, 1416000.000000, 3079269.740000, 1416031.640000 ]"
3079087.95999962,1416001.68999958,ContourElevations.13,13,g40lc,13,866,contour,"[ 3079086.430000, 1416000.000000, 3079092.370000, 1416003.380000 ]"
3079055.67500007,1416002.16499994,ContourElevations.14,14,g40lc,14,866,contour,"[ 3079051.360000, 1416000.000000, 3079058.170000, 1416004.890000 ]"
3078985.8899999,1416003.52499995,ContourElevations.15,15,g40lc,15,866,contour,"[ 3078981.530000, 1416000.000000, 3079025.290000, 1416010.400000 ]"
3079087.68809483,1416017.2049998,ContourElevations.16,16,g40lc,16,862,contour,"[ 3079040.100000, 1416000.000000, 3079107.930000, 1416031.370000 ]"
3078946.13000015,1416025.59000015,ContourElevations.17,17,g40lc,17,862,contour,"[ 3078937.250000, 1416000.000000, 3079035.930000, 1416052.500000 ]"
3079082.24,1416004.98499995,ContourElevations.18,18,g40lc,18,864,contour,"[ 3079077.810000, 1416000.000000, 3079100.120000, 1416011.870000 ]"
3079068.45614277,1416004.14500024,ContourElevations.19,19,g40lc,19,864,contour,"[ 3079045.790000, 1416000.000000, 3079072.430000, 1416015.150000 ]"
3078962.91,1416018.37,ContourElevations.20,20,g40lc,20,864,contour,"[ 3078948.770000, 1416000.000000, 3079030.590000, 1416032.250000 ]"
3079052.76969472,1416040.72499995,ContourElevations.21,21,g40lc,21,860,index,"[ 3078923.890000, 1416000.000000, 3079115.800000, 1416082.340000 ]"
3078822.2645309,1416010.38,ContourElevations.22,22,g40lc,22,860,index,"[ 3078807.700000, 1416000.000000, 3078920.030000, 1416018.330000 ]"
3083203.80898381,1416028.85499978,ContourElevations.23,23,g40lc,23,854,contour,"[ 3083180.600000, 1416000.000000, 3083273.630000, 1416053.100000 ]"
3083232.49500041,1416002.04999989,ContourElevations.24,24,g40lc,24,856,contour,"[ 3083222.790000, 1416000.000000, 3083240.300000, 1416004.100000 ]"
3081403.64577144,1416004.21,ContourElevations.25,25,g40lc,25,854,contour,"[ 3081396.930000, 1416000.000000, 3081407.110000, 1416007.000000 ]"
3083207.11500005,1416139.81000013,ContourElevations.26,26,g40lc,26,850,index,"[ 3083090.440000, 1416000.000000, 3083301.360000, 1416276.310000 ]"
3083194.51401663,1416078.71499981,ContourElevations.27,27,g40lc,27,852,contour,"[ 3083136.560000, 1416000.000000, 3083283.700000, 1416161.210000 ]"
3083685.91613201,1416004.7499998,ContourElevations.28,28,g40lc,28,852,contour,"[ 3083659.270000, 1416000.000000, 3083750.400000, 1416009.390000 ]"
3081695.15999937,1416010.99499949,ContourElevations.29,29,g40lc,29,850,index,"[ 3081684.900000, 1416000.000000, 3081702.850000, 1416014.690000 ]"
3081614.4750004,1416002.06999949,ContourElevations.30,30,g40lc,30,850,index,"[ 3081610.010000, 1416000.000000, 3081616.100000, 1416004.110000 ]"
3083188.19565031,1416177.70499984,ContourElevations.31,31,g40lc,31,848,contour,"[ 3083068.240000, 1416000.000000, 3083335.460000, 1416353.800000 ]"
3081438.11,1416014.34,ContourElevations.32,32,g40lc,32,852,contour,"[ 3081381.960000, 1416000.000000, 3081443.210000, 1416028.450000 ]"
3078488.73,1416000.42,ContourElevations.33,33,g40lc,33,828,contour,"[ 3078485.340000, 1416000.000000, 3078504.500000, 1416001.500000 ]"
3081540.75500003,1416009.15,ContourElevations.34,34,g40lc,34,848,contour,"[ 3081507.490000, 1416000.000000, 3081564.360000, 1416014.440000 ]"
3083677.23239998,1416030.29,ContourElevations.35,35,g40lc,35,850,index,"[ 3083636.390000, 1416000.000000, 3083765.610000, 1416058.980000 ]"
3081298.30499996,1416013.02,ContourElevations.36,36,g40lc,36,850,index,"[ 3081295.300000, 1416000.000000, 3081376.700000, 1416028.870000 ]"
3081308.9799999,1416009.6399999,ContourElevations.37,37,g40lc,37,848,contour,"[ 3081305.480000, 1416000.000000, 3081367.450000, 1416020.610000 ]"
3083647.00499997,1416047.07499999,ContourElevations.38,38,g40lc,38,848,contour,"[ 3083622.730000, 1416000.000000, 3083783.710000, 1416096.360000 ]"
3083669.83361112,1416066.675,ContourElevations.39,39,g40lc,39,846,contour,"[ 3083600.960000, 1416000.000000, 3083797.380000, 1416133.740000 ]"
3081313.96273687,1416006.8,ContourElevations.40,40,g40lc,40,846,contour,"[ 3081313.540000, 1416000.000000, 3081357.860000, 1416013.250000 ]"
3083335.1699999,1416229.62499992,ContourElevations.41,41,g40lc,41,846,contour,"[ 3083004.700000, 1416000.000000, 3083387.640000, 1416454.040000 ]"
3081819.72655151,1416001.5399999,ContourElevations.42,42,g40lc,42,842,contour,"[ 3081815.080000, 1416000.000000, 3081830.310000, 1416002.900000 ]"
3083127.34500002,1416250.41499999,ContourElevations.43,43,g40lc,43,844,contour,"[ 3082953.910000, 1416000.000000, 3083400.850000, 1416501.220000 ]"
3083959.77958496,1416001.44,ContourElevations.44,44,g40lc,44,844,contour,"[ 3083951.020000, 1416000.000000, 3083989.700000, 1416003.720000 ]"
3083693.74394777,1416091.94500027,ContourElevations.45,45,g40lc,45,844,contour,"[ 3083582.170000, 1416000.000000, 3083812.500000, 1416183.320000 ]"
3082565.87499994,1416009.38499992,ContourElevations.46,46,g40lc,46,844,contour,"[ 3082558.710000, 1416000.000000, 3082585.690000, 1416020.000000 ]"
3083691.30500001,1416107.23500003,ContourElevations.47,47,g40lc,47,842,contour,"[ 3083571.920000, 1416000.000000, 3083829.870000, 1416214.710000 ]"
3082627.53904382,1416028.57500002,ContourElevations.48,48,g40lc,48,842,contour,"[ 3082538.350000, 1416000.000000, 3082627.870000, 1416059.680000 ]"
3082631.17690433,1416043.7399999,ContourElevations.49,49,g40lc,49,840,index,"[ 3082517.540000, 1416000.000000, 3082638.100000, 1416097.700000 ]"
3082154.66,1416001.86499997,ContourElevations.50,50,g40lc,50,838,contour,"[ 3082138.440000, 1416000.000000, 3082157.380000, 1416006.980000 ]"
3082131.99471762,1416018.24,ContourElevations.51,51,g40lc,51,836,contour,"[ 3082117.790000, 1416000.000000, 3082180.890000, 1416031.770000 ]"
3081889.59143381,1416156.2,ContourElevations.52,52,g40lc,52,836,contour,"[ 3081810.130000, 1416000.000000, 3082508.150000, 1416312.160000 ]"
3082181.73499995,1416141.7399999,ContourElevations.53,53,g40lc,53,834,contour,"[ 3082147.440000, 1416000.000000, 3082493.080000, 1416294.640000 ]"
3082086.8011547,1416073.90500004,ContourElevations.54,54,g40lc,54,834,contour,"[ 3081844.700000, 1416000.000000, 3082141.220000, 1416161.370000 ]"
3082213.635,1416134.265,ContourElevations.55,55,g40lc,55,832,contour,"[ 3082166.970000, 1416000.000000, 3082470.570000, 1416265.970000 ]"
3082056.84,1416068.335,ContourElevations.56,56,g40lc,56,830,index,"[ 3081944.280000, 1416000.000000, 3082090.690000, 1416130.340000 ]"
3082911.83,1416210.62,ContourElevations.57,57,g40lc,57,830,index,"[ 3082577.830000, 1416000.000000, 3082939.050000, 1416420.640000 ]"
3082226.66499982,1416001.6399999,ContourElevations.58,58,g40lc,58,830,index,"[ 3082222.320000, 1416000.000000, 3082239.650000, 1416003.280000 ]"
3082419.65699887,1416095.88499983,ContourElevations.59,59,g40lc,59,830,index,"[ 3082190.550000, 1416000.000000, 3082447.290000, 1416189.630000 ]"
3082069.02099502,1416074.55500001,ContourElevations.60,60,g40lc,60,832,contour,"[ 3081890.670000, 1416000.000000, 3082105.230000, 1416145.520000 ]"
3082218.57,1416050.615,ContourElevations.61,61,g40lc,61,828,contour,"[ 3082215.760000, 1416000.000000, 3082425.150000, 1416104.980000 ]"
3082033.55266592,1416047.28499977,ContourElevations.62,62,g40lc,62,828,contour,"[ 3081987.030000, 1416000.000000, 3082078.050000, 1416097.060000 ]"
3082819.91499999,1416104.45499998,ContourElevations.63,63,g40lc,63,826,contour,"[ 3082694.940000, 1416000.000000, 3082853.650000, 1416207.710000 ]"
3082816.42645046,1416092.94999988,ContourElevations.64,64,g40lc,64,824,contour,"[ 3082701.000000, 1416000.000000, 3082844.360000, 1416186.740000 ]"
3082841.19,1416058.71,ContourElevations.65,65,g40lc,65,822,contour,"[ 3082711.880000, 1416000.000000, 3082841.860000, 1416125.770000 ]"
3078280.31695854,1416055.72000028,ContourElevations.66,66,g40lc,66,820,index,"[ 3078219.540000, 1416000.000000, 3078413.270000, 1416119.440000 ]"
3082837.93500001,1416058.80499994,ContourElevations.67,67,g40lc,67,820,index,"[ 3082722.930000, 1416000.000000, 3082839.480000, 1416113.430000 ]"
3078289.58,1416051.54,ContourElevations.68,68,g40lc,68,818,contour,"[ 3078269.570000, 1416000.000000, 3078405.200000, 1416113.480000 ]"
3078307.72055227,1416053.72000017,ContourElevations.69,69,g40lc,69,816,contour,"[ 3078279.780000, 1416000.000000, 3078398.200000, 1416108.210000 ]"
3078106.4945851,1416003.06,ContourElevations.70,70,g40lc,70,814,contour,"[ 3078092.620000, 1416000.000000, 3078140.540000, 1416005.520000 ]"
3084395.22607264,1416005.73499992,ContourElevations.71,71,g40lc,71,856,contour,"[ 3084375.660000, 1416000.000000, 3084403.960000, 1416009.720000 ]"
3084255.52,1416010.97,ContourElevations.72,72,g40lc,72,856,contour,"[ 3084198.870000, 1416000.000000, 3084307.110000, 1416020.250000 ]"
3078431.035,1416062.22499995,ContourElevations.73,73,g40lc,73,824,contour,"[ 3078256.840600, 1416000.000000, 3078431.300000, 1416135.380000 ]"
3078214.655,1416187.02,ContourElevations.74,74,g40lc,74,822,contour,"[ 3078000.000000, 1416000.000000, 3078422.290000, 1416380.140000 ]"
3078200.92,1416182.60500001,ContourElevations.75,75,g40lc,75,820,index,"[ 3078000.000000, 1416000.000000, 3078231.320000, 1416363.250000 ]"
3078144.93,1416161.14,ContourElevations.76,76,g40lc,76,814,contour,"[ 3078000.000000, 1416000.000000, 3078173.440000, 1416310.950000 ]"
3078114.595,1416147.06,ContourElevations.77,77,g40lc,77,812,contour,"[ 3078000.000000, 1416000.000000, 3078153.850000, 1416287.760000 ]"
3084205.29499998,1416048.02500001,ContourElevations.78,78,g40lc,78,854,contour,"[ 3084063.210000, 1416000.000000, 3084510.270000, 1416097.010000 ]"
3085602.7599999,1416007.84499998,ContourElevations.79,79,g40lc,79,840,index,"[ 3085593.240000, 1416000.000000, 3085640.700000, 1416016.670000 ]"
3085791.6,1416141.16499997,ContourElevations.80,80,g40lc,80,838,contour,"[ 3085692.880000, 1416000.000000, 3085852.850000, 1416216.810000 ]"
3085583.11500003,1416059.11,ContourElevations.81,81,g40lc,81,838,contour,"[ 3085465.030000, 1416000.000000, 3085709.820000, 1416118.580000 ]"
3085923.0155973,1416337.765,ContourElevations.82,82,g40lc,82,836,contour,"[ 3085677.580000, 1416000.000000, 3086145.500000, 1416634.850000 ]"
3085737.63004099,1416092.50499996,ContourElevations.83,83,g40lc,83,836,contour,"[ 3085339.540000, 1416000.000000, 3085765.100000, 1416186.640000 ]"
3085792.40011041,1416039.25,ContourElevations.84,84,g40lc,84,838,contour,"[ 3085763.680000, 1416000.000000, 3085821.730000, 1416081.420000 ]"
3085799.64620235,1416062.72499994,ContourElevations.85,85,g40lc,85,836,contour,"[ 3085754.260000, 1416000.000000, 3085896.090000, 1416139.720000 ]"
3085824.27409153,1416104.22499996,ContourElevations.86,86,g40lc,86,834,contour,"[ 3085737.190000, 1416000.000000, 3085930.890000, 1416195.060000 ]"
3086221.43431767,1416282.79499994,ContourElevations.87,87,g40lc,87,814,contour,"[ 3086192.230000, 1416000.000000, 3086362.250000, 1416561.240000 ]"
3086182.4350006,1416011.86499573,ContourElevations.88,88,g40lc,88,814,contour,"[ 3086178.580000, 1416000.000000, 3086184.090000, 1416023.730000 ]"
3086237.36349821,1416121.43,ContourElevations.89,89,g40lc,89,812,contour,"[ 3086220.330000, 1416000.000000, 3086276.160000, 1416245.660000 ]"
3086293.24606562,1416002.39,ContourElevations.90,90,g40lc,90,812,contour,"[ 3086285.290000, 1416000.000000, 3086316.760000, 1416003.620000 ]"
3086240.225,1416033.58,ContourElevations.91,91,g40lc,91,810,index,"[ 3086238.370000, 1416000.000000, 3086258.120000, 1416068.370000 ]"
3080429.27907674,1416364.34500001,ContourElevations.92,92,g40lc,92,932,contour,"[ 3080114.000000, 1416000.000000, 3080714.540000, 1416727.509900 ]"
3080807.435,1416142.34,ContourElevations.93,93,g40lc,93,932,contour,"[ 3080767.430000, 1416000.000000, 3080838.678900, 1416320.468700 ]"
3080647.09864667,1416634.51000016,ContourElevations.94,94,g40lc,94,934,contour,"[ 3080224.600000, 1416000.000000, 3081348.500000, 1417272.960000 ]"
3080829.815,1416333.63500003,ContourElevations.95,95,g40lc,95,934,contour,"[ 3080741.960000, 1416000.000000, 3080958.263000, 1416595.589100 ]"
3081320.92866368,1418214.935,ContourElevations.96,96,g40lc,96,856,contour,"[ 3079815.870000, 1416000.000000, 3082499.200000, 1420433.393100 ]"
3080224.73,1416204.24,ContourElevations.97,97,g40lc,97,930,index,"[ 3080068.620000, 1416000.000000, 3080457.033800, 1416418.124000 ]"
3080812.85,1416123.38,ContourElevations.98,98,g40lc,98,930,index,"[ 3080788.160000, 1416000.000000, 3080847.678400, 1416320.454600 ]"
3080320.79999914,1416363.72500003,ContourElevations.99,99,g40lc,99,928,contour,"[ 3080010.090000, 1416000.000000, 3080691.161200, 1416727.352000 ]"
3081121.95,1416770.06,ContourElevations.100,100,g40lc,100,928,contour,"[ 3080712.848000, 1416000.000000, 3081491.340000, 1417532.570000 ]"
3080133.03,1416227.78499996,ContourElevations.101,101,g40lc,101,926,contour,"[ 3079962.650000, 1416000.000000, 3080315.650000, 1416468.930100 ]"
3081143.29500001,1416778.05500002,ContourElevations.102,102,g40lc,102,926,contour,"[ 3080712.659300, 1416000.000000, 3081503.350000, 1417553.850000 ]"
3080105.735,1416228.52,ContourElevations.103,103,g40lc,103,924,contour,"[ 3079933.740000, 1416000.000000, 3080287.600000, 1416471.763400 ]"
3081166.25,1416794.46499999,ContourElevations.104,104,g40lc,104,924,contour,"[ 3080821.110000, 1416000.000000, 3081514.550000, 1417605.280000 ]"
3080092.02,1416239.36500005,ContourElevations.105,105,g40lc,105,922,contour,"[ 3079880.490000, 1416000.000000, 3080275.890000, 1416491.960000 ]"
3081189.83,1416811.95499998,ContourElevations.106,106,g40lc,106,922,contour,"[ 3080812.680600, 1416000.000000, 3081528.590000, 1417616.630000 ]"
3080123.98,1416369.04,ContourElevations.107,107,g40lc,107,920,index,"[ 3079817.630000, 1416000.000000, 3080586.395500, 1416743.040100 ]"
3080886.91499999,1416281.80499997,ContourElevations.108,108,g40lc,108,920,index,"[ 3080848.150000, 1416000.000000, 3081066.675000, 1416603.183800 ]"
3080088.23499998,1416377.13,ContourElevations.109,109,g40lc,109,918,contour,"[ 3079777.430000, 1416000.000000, 3080584.032300, 1416746.197500 ]"
3080901.45,1416293.08499997,ContourElevations.110,110,g40lc,110,918,contour,"[ 3080858.230000, 1416000.000000, 3081081.246200, 1416599.787800 ]"
3080672.73144883,1416822.69499993,ContourElevations.111,111,g40lc,111,916,contour,"[ 3079753.590000, 1416000.000000, 3081560.140000, 1417647.480000 ]"
3080914.15499999,1416297.91499996,ContourElevations.112,112,g40lc,112,916,contour,"[ 3080866.240000, 1416000.000000, 3081098.013200, 1416599.261200 ]"
3079993.92,1416214.65,ContourElevations.113,113,g40lc,113,914,contour,"[ 3079718.400000, 1416000.000000, 3080130.623400, 1416432.391800 ]"
3080909.615,1416250.22,ContourElevations.114,114,g40lc,114,914,contour,"[ 3080875.430000, 1416000.000000, 3081076.313400, 1416500.255500 ]"
3079975.53,1416217.185,ContourElevations.115,115,g40lc,115,912,contour,"[ 3079680.360000, 1416000.000000, 3080080.039500, 1416441.826200 ]"
3080916.965,1416233.775,ContourElevations.116,116,g40lc,116,912,contour,"[ 3080885.220000, 1416000.000000, 3081092.317600, 1416494.811800 ]"
3080690.37233274,1416897.09499999,ContourElevations.117,117,g40lc,117,904,contour,"[ 3079567.500000, 1416000.000000, 3081628.310000, 1417786.950000 ]"
3079969.07258235,1416237.84999983,ContourElevations.118,118,g40lc,118,910,index,"[ 3079652.200000, 1416000.000000, 3080079.923800, 1416466.504800 ]"
3080704.8123335,1416866.55,ContourElevations.119,119,g40lc,119,910,index,"[ 3080104.938300, 1416000.000000, 3081609.550000, 1417718.920000 ]"
3080688.23500002,1416868.27500002,ContourElevations.120,120,g40lc,120,908,contour,"[ 3079620.580000, 1416000.000000, 3081616.760000, 1417741.320000 ]"
3080679.83530383,1416876.84500005,ContourElevations.121,121,g40lc,121,906,contour,"[ 3079592.790000, 1416000.000000, 3081621.870000, 1417762.900000 ]"
3081552.24945965,1416939.13500001,ContourElevations.122,122,g40lc,122,900,index,"[ 3079511.730000, 1416000.000000, 3081997.270000, 1417882.110000 ]"
3081032.42,1416304.60499998,ContourElevations.123,123,g40lc,123,900,index,"[ 3080943.440000, 1416000.000000, 3081255.223100, 1416640.312800 ]"
3080539.62500001,1416822.27,ContourElevations.124,124,g40lc,124,898,contour,"[ 3079492.860000, 1416000.000000, 3080744.670000, 1417650.052400 ]"
3081043.93499997,1416296.1799999,ContourElevations.125,125,g40lc,125,898,contour,"[ 3080954.220000, 1416000.000000, 3081258.352500, 1416616.751700 ]"
3080673.57121159,1416903.96,ContourElevations.126,126,g40lc,126,902,contour,"[ 3079541.450000, 1416000.000000, 3081635.380000, 1417811.370000 ]"
3079685.55499998,1416253.66499999,ContourElevations.127,127,g40lc,127,886,contour,"[ 3079366.220000, 1416000.000000, 3079847.860000, 1416510.533400 ]"
3080630.56500003,1417002.19,ContourElevations.128,128,g40lc,128,886,contour,"[ 3079817.757700, 1416000.000000, 3082136.770000, 1418006.100000 ]"
3079379.83500001,1416246.31,ContourElevations.129,129,g40lc,129,868,contour,"[ 3079144.510000, 1416000.000000, 3079700.760000, 1416493.034500 ]"
3080602.32,1417110.245,ContourElevations.130,130,g40lc,130,868,contour,"[ 3079643.390000, 1416000.000000, 3082329.960000, 1418230.900000 ]"
3086740.56500008,1416472.82499982,ContourElevations.131,131,g40lc,131,836,contour,"[ 3086671.640000, 1416000.000000, 3086832.160000, 1416942.657100 ]"
3079814.98,1416254.37,ContourElevations.132,132,g40lc,132,896,contour,"[ 3079474.720000, 1416000.000000, 3079928.850000, 1416512.307500 ]"
3081054.45,1416292.74,ContourElevations.133,133,g40lc,133,896,contour,"[ 3080965.270000, 1416000.000000, 3081260.382600, 1416601.467400 ]"
3079643.38499998,1416261.94499998,ContourElevations.134,134,g40lc,134,882,contour,"[ 3079324.860000, 1416000.000000, 3079806.350000, 1416523.954900 ]"
3080625.09013811,1417018.96000028,ContourElevations.135,135,g40lc,135,882,contour,"[ 3079785.520300, 1416000.000000, 3082173.410000, 1418041.190000 ]"
3079672.18,1416263.89,ContourElevations.136,136,g40lc,136,884,contour,"[ 3079343.350000, 1416000.000000, 3079824.510000, 1416523.441600 ]"
3080634.21500002,1417016.24,ContourElevations.137,137,g40lc,137,884,contour,"[ 3079818.544700, 1416000.000000, 3082154.370000, 1418023.320000 ]"
3079804.32499995,1416266.11499993,ContourElevations.138,138,g40lc,138,894,contour,"[ 3079456.450000, 1416000.000000, 3079905.330000, 1416512.337200 ]"
3081080.805,1416310.15,ContourElevations.139,139,g40lc,139,894,contour,"[ 3080978.840000, 1416000.000000, 3081288.865900, 1416605.201700 ]"
3079683.57,1416219.06499998,ContourElevations.140,140,g40lc,140,890,index,"[ 3079414.880000, 1416000.000000, 3079879.700000, 1416449.413800 ]"
3081076.59499998,1416258.9099999,ContourElevations.141,141,g40lc,141,890,index,"[ 3081006.080000, 1416000.000000, 3081234.232100, 1416477.335400 ]"
3079414.525,1416272.945,ContourElevations.142,142,g40lc,142,870,index,"[ 3079277.210000, 1416000.000000, 3079719.120000, 1416544.807200 ]"
3080608.06958488,1417107.79499999,ContourElevations.143,143,g40lc,143,870,index,"[ 3079652.320000, 1416000.000000, 3082294.230000, 1418197.480000 ]"
3079731.39,1416225.55499998,ContourElevations.144,144,g40lc,144,892,contour,"[ 3079436.230000, 1416000.000000, 3079892.650000, 1416448.834800 ]"
3080651.84917964,1416977.51499971,ContourElevations.145,145,g40lc,145,892,contour,"[ 3079893.038400, 1416000.000000, 3082090.060000, 1417955.470000 ]"
3079591.00499998,1416187.02499999,ContourElevations.146,146,g40lc,146,888,contour,"[ 3079389.950000, 1416000.000000, 3079866.220000, 1416383.817000 ]"
3081088.285,1416243.81,ContourElevations.147,147,g40lc,147,888,contour,"[ 3081019.330000, 1416000.000000, 3081250.820800, 1416473.834800 ]"
3079631.0,1416267.16,ContourElevations.148,148,g40lc,148,880,index,"[ 3079310.030000, 1416000.000000, 3079794.410000, 1416524.284100 ]"
3080628.94500003,1417034.08500004,ContourElevations.149,149,g40lc,149,880,index,"[ 3079769.352200, 1416000.000000, 3082191.240000, 1418061.670000 ]"
3080625.58500005,1417042.52,ContourElevations.150,150,g40lc,150,878,contour,"[ 3079753.549000, 1416000.000000, 3082211.700000, 1418086.680000 ]"
3079620.29,1416272.52499998,ContourElevations.151,151,g40lc,151,878,contour,"[ 3079297.720000, 1416000.000000, 3079782.560000, 1416545.217900 ]"
3081921.82384345,1417067.82999989,ContourElevations.152,152,g40lc,152,874,contour,"[ 3079289.960000, 1416000.000000, 3082246.900000, 1418138.980000 ]"
3081900.73554459,1417057.6449998,ContourElevations.153,153,g40lc,153,876,contour,"[ 3079294.090000, 1416000.000000, 3082230.530000, 1418112.830000 ]"
3079436.97,1416270.35,ContourElevations.154,154,g40lc,154,872,contour,"[ 3079284.430000, 1416000.000000, 3079735.600000, 1416543.636700 ]"
3080615.68,1417084.415,ContourElevations.155,155,g40lc,155,872,contour,"[ 3079668.640000, 1416000.000000, 3082261.920000, 1418168.200000 ]"
3083075.62,1418078.83,ContourElevations.156,156,g40lc,156,834,contour,"[ 3081553.613000, 1416000.000000, 3083089.250000, 1420145.540000 ]"
3079349.53,1416228.90500005,ContourElevations.157,157,g40lc,157,866,contour,"[ 3079132.810000, 1416000.000000, 3079676.990000, 1416456.698400 ]"
3081997.24895922,1417128.21499999,ContourElevations.158,158,g40lc,158,866,contour,"[ 3079597.600000, 1416000.000000, 3082365.490000, 1418255.570000 ]"
3079340.65,1416288.32500003,ContourElevations.159,159,g40lc,159,862,contour,"[ 3079115.700000, 1416000.000000, 3079618.830000, 1416553.739000 ]"
3085069.95227551,1420001.93999957,ContourElevations.160,160,g40lc,160,832,contour,"[ 3083522.380000, 1416000.000000, 3085318.220000, 1424000.000000 ]"
3083154.70500001,1417728.19500005,ContourElevations.161,161,g40lc,161,832,contour,"[ 3081811.400000, 1416000.000000, 3083663.220000, 1419441.602500 ]"
3079355.92,1416278.845,ContourElevations.162,162,g40lc,162,864,contour,"[ 3079122.610000, 1416000.000000, 3079648.550000, 1416554.327000 ]"
3080568.83040282,1417142.70999988,ContourElevations.163,163,g40lc,163,864,contour,"[ 3079577.345400, 1416000.000000, 3082376.210000, 1418288.680000 ]"
3080880.65,1419979.24500005,ContourElevations.164,164,g40lc,164,862,contour,"[ 3078000.000000, 1416000.000000, 3082391.000000, 1423934.980000 ]"
3079316.35,1416269.60500008,ContourElevations.165,165,g40lc,165,860,index,"[ 3079106.680000, 1416000.000000, 3079588.260000, 1416545.860100 ]"
3080898.97499996,1419972.20500007,ContourElevations.166,166,g40lc,166,860,index,"[ 3078000.000000, 1416000.000000, 3082421.040000, 1423949.770000 ]"
3080930.61,1419983.04,ContourElevations.167,167,g40lc,167,858,contour,"[ 3078000.000000, 1416000.000000, 3082458.980000, 1423968.800000 ]"
3079300.37500006,1416271.85,ContourElevations.168,168,g40lc,168,858,contour,"[ 3078774.450000, 1416000.000000, 3079575.850000, 1416545.386600 ]"
3080851.19,1418962.63,ContourElevations.169,169,g40lc,169,854,contour,"[ 3079838.480000, 1416000.000000, 3082543.600000, 1421909.940000 ]"
3078629.33292625,1418303.43499978,ContourElevations.170,170,g40lc,170,854,contour,"[ 3078000.000000, 1416000.000000, 3080530.050000, 1420616.480000 ]"
3078600.96500001,1418314.31499998,ContourElevations.171,171,g40lc,171,856,contour,"[ 3078000.000000, 1416000.000000, 3080541.370000, 1420629.300000 ]"
3080981.555,1420002.985,ContourElevations.172,172,g40lc,172,852,contour,"[ 3078727.060000, 1416000.000000, 3082580.720000, 1424000.000000 ]"
3078645.87584665,1418307.33499983,ContourElevations.173,173,g40lc,173,852,contour,"[ 3078000.000000, 1416000.000000, 3080515.530000, 1420606.560000 ]"
3080894.12,1418961.56,ContourElevations.174,174,g40lc,174,850,index,"[ 3080219.293100, 1416000.000000, 3082628.560000, 1421932.480000 ]"
3084469.155,1416145.035,ContourElevations.175,175,g40lc,175,852,contour,"[ 3084042.300000, 1416000.000000, 3084526.970000, 1416297.745400 ]"
3084558.69709767,1416167.12499984,ContourElevations.176,176,g40lc,176,852,contour,"[ 3084379.730000, 1416000.000000, 3084617.220000, 1416352.350000 ]"
3078663.67363557,1418296.88500003,ContourElevations.177,177,g40lc,177,850,index,"[ 3078000.000000, 1416000.000000, 3080486.830000, 1420593.550000 ]"
3084403.83347943,1416142.22500014,ContourElevations.178,178,g40lc,178,850,index,"[ 3084023.990000, 1416000.000000, 3084474.050000, 1416288.483600 ]"
3084654.24,1416234.33500004,ContourElevations.179,179,g40lc,179,850,index,"[ 3084362.651700, 1416000.000000, 3084729.060000, 1416451.880000 ]"
3079167.66379849,1416261.23499989,ContourElevations.180,180,g40lc,180,848,contour,"[ 3078630.530000, 1416000.000000, 3079308.907500, 1416524.947600 ]"
3081606.69,1416365.98,ContourElevations.181,181,g40lc,181,848,contour,"[ 3081462.050000, 1416000.000000, 3081981.553400, 1416725.680000 ]"
3084257.5414676,1416299.28500002,ContourElevations.182,182,g40lc,182,848,contour,"[ 3084007.120000, 1416000.000000, 3084829.810000, 1416590.770000 ]"
3079140.55,1416261.62,ContourElevations.183,183,g40lc,183,846,contour,"[ 3078615.920000, 1416000.000000, 3079276.549000, 1416530.675000 ]"
3081363.94596871,1418983.13500008,ContourElevations.184,184,g40lc,184,846,contour,"[ 3080020.301000, 1416000.000000, 3082728.710000, 1421969.480000 ]"
3084229.20500002,1416323.07499998,ContourElevations.185,185,g40lc,185,846,contour,"[ 3083981.380000, 1416000.000000, 3084957.960000, 1416650.590000 ]"
3081140.50882424,1418989.04000016,ContourElevations.186,186,g40lc,186,844,contour,"[ 3079986.367500, 1416000.000000, 3082791.130000, 1421988.800000 ]"
3084232.31500001,1416260.47499997,ContourElevations.187,187,g40lc,187,840,index,"[ 3083562.010000, 1416000.000000, 3084362.350000, 1416520.309200 ]"
3085211.52,1416390.90999974,ContourElevations.188,188,g40lc,188,840,index,"[ 3084136.980000, 1416000.000000, 3085229.730000, 1416806.900000 ]"
3079131.305,1416276.665,ContourElevations.189,189,g40lc,189,844,contour,"[ 3078589.330000, 1416000.000000, 3079266.513300, 1416556.974700 ]"
3084132.265,1416342.445,ContourElevations.190,190,g40lc,190,844,contour,"[ 3083922.470000, 1416000.000000, 3085041.710000, 1416686.270000 ]"
3084237.80500001,1416272.4,ContourElevations.191,191,g40lc,191,842,contour,"[ 3083866.110000, 1416000.000000, 3084368.830000, 1416541.498200 ]"
3085149.96500002,1416375.93499994,ContourElevations.192,192,g40lc,192,842,contour,"[ 3084178.680000, 1416000.000000, 3085161.920000, 1416739.620000 ]"
3082812.35,1417838.92,ContourElevations.193,193,g40lc,193,842,contour,"[ 3081451.510000, 1416000.000000, 3082851.480000, 1419662.300000 ]"
3079417.08141221,1418249.28,ContourElevations.194,194,g40lc,194,842,contour,"[ 3078000.000000, 1416000.000000, 3080372.650000, 1420506.190000 ]"
3079407.54672547,1418233.555,ContourElevations.195,195,g40lc,195,840,index,"[ 3078000.000000, 1416000.000000, 3080354.020000, 1420482.380000 ]"
3082910.405,1417808.27,ContourElevations.196,196,g40lc,196,840,index,"[ 3081654.420000, 1416000.000000, 3082931.920000, 1419624.522300 ]"
3082964.11,1416299.035,ContourElevations.197,197,g40lc,197,842,contour,"[ 3082890.380000, 1416000.000000, 3083413.560000, 1416595.000000 ]"
3084112.02,1416406.09,ContourElevations.198,198,g40lc,198,838,contour,"[ 3083547.400000, 1416000.000000, 3084623.583500, 1416827.840000 ]"
3085329.51,1416496.95,ContourElevations.199,199,g40lc,199,838,contour,"[ 3084637.562800, 1416000.000000, 3085341.720000, 1416973.520000 ]"
3083381.62781711,1416340.28,ContourElevations.200,200,g40lc,200,840,index,"[ 3082843.920000, 1416000.000000, 3083425.040000, 1416680.080000 ]"
3079393.70038462,1418225.41,ContourElevations.201,201,g40lc,201,838,contour,"[ 3078242.480000, 1416000.000000, 3080345.550000, 1420463.270000 ]"
3083746.8176031,1416298.5199998,ContourElevations.202,202,g40lc,202,836,contour,"[ 3083541.160000, 1416000.000000, 3084140.210000, 1416592.493900 ]"
3085435.78,1416564.755,ContourElevations.203,203,g40lc,203,836,contour,"[ 3084826.710200, 1416000.000000, 3085442.390000, 1417111.300000 ]"
3083414.75574446,1416404.18500003,ContourElevations.204,204,g40lc,204,836,contour,"[ 3082729.270000, 1416000.000000, 3083469.930000, 1416801.700000 ]"
3081660.495,1419138.67499997,ContourElevations.205,205,g40lc,205,838,contour,"[ 3078956.350000, 1416000.000000, 3082986.520000, 1422249.137900 ]"
3079021.76089812,1416254.6449999,ContourElevations.206,206,g40lc,206,836,contour,"[ 3078451.050000, 1416000.000000, 3079136.300000, 1416509.870600 ]"
3082979.44700321,1417762.82500034,ContourElevations.207,207,g40lc,207,836,contour,"[ 3081664.370000, 1416000.000000, 3083036.430000, 1419504.923400 ]"
3082878.24334633,1416364.89499999,ContourElevations.208,208,g40lc,208,838,contour,"[ 3082803.230000, 1416000.000000, 3083437.680000, 1416730.750000 ]"
3086468.53961698,1417055.92499992,ContourElevations.209,209,g40lc,209,828,contour,"[ 3085517.300000, 1416000.000000, 3086604.230000, 1418110.750000 ]"
3078445.51,1416140.81,ContourElevations.210,210,g40lc,210,834,contour,"[ 3078419.910000, 1416000.000000, 3078816.470000, 1416288.060000 ]"
3086109.24192837,1416575.96,ContourElevations.211,211,g40lc,211,834,contour,"[ 3084996.910700, 1416000.000000, 3086149.550000, 1417167.750000 ]"
3083790.76171759,1416298.06499984,ContourElevations.212,212,g40lc,212,834,contour,"[ 3083532.480000, 1416000.000000, 3084130.900000, 1416592.390900 ]"
3082689.11673602,1416424.36500009,ContourElevations.213,213,g40lc,213,834,contour,"[ 3082679.890000, 1416000.000000, 3083558.400000, 1416849.330000 ]"
3078402.34,1416165.56500003,ContourElevations.214,214,g40lc,214,832,contour,"[ 3078387.920000, 1416000.000000, 3078776.211800, 1416326.510000 ]"
3086279.21111833,1416275.04500002,ContourElevations.215,215,g40lc,215,816,contour,"[ 3086122.920000, 1416000.000000, 3086383.060000, 1416570.340000 ]"
3082953.34,1416218.37,ContourElevations.216,216,g40lc,216,832,contour,"[ 3082568.280000, 1416000.000000, 3082955.070000, 1416435.510000 ]"
3086516.28149043,1417129.4899998,ContourElevations.217,217,g40lc,217,830,index,"[ 3085414.630000, 1416000.000000, 3086709.920000, 1418257.700000 ]"
3078356.79499997,1416180.08500016,ContourElevations.218,218,g40lc,218,830,index,"[ 3078356.610000, 1416000.000000, 3078683.153300, 1416361.830000 ]"
3083583.47756978,1416219.6499999,ContourElevations.219,219,g40lc,219,830,index,"[ 3083383.860000, 1416000.000000, 3083681.690000, 1416437.240000 ]"
3078754.83960834,1416349.32000019,ContourElevations.220,220,g40lc,220,828,contour,"[ 3078310.510000, 1416000.000000, 3079070.760000, 1416702.300000 ]"
3086242.46323592,1416831.42499999,ContourElevations.221,221,g40lc,221,826,contour,"[ 3085640.660000, 1416000.000000, 3086548.530000, 1417664.560000 ]"
3082874.36448073,1416186.38999988,ContourElevations.222,222,g40lc,222,828,contour,"[ 3082671.360000, 1416000.000000, 3082924.770000, 1416370.280000 ]"
3078707.58315243,1416350.53999978,ContourElevations.223,223,g40lc,223,826,contour,"[ 3078265.750000, 1416000.000000, 3079053.880000, 1416700.340000 ]"
3086227.51876652,1416817.485,ContourElevations.224,224,g40lc,224,824,contour,"[ 3085859.790000, 1416000.000000, 3086525.910000, 1417619.500000 ]"
3086054.5169139,1416462.29,ContourElevations.225,225,g40lc,225,822,contour,"[ 3086029.790000, 1416000.000000, 3086494.690000, 1416926.670000 ]"
3086071.35499999,1416317.87,ContourElevations.226,226,g40lc,226,820,index,"[ 3086058.600000, 1416000.000000, 3086457.260000, 1416632.500000 ]"
3086103.22278014,1416288.09500021,ContourElevations.227,227,g40lc,227,818,contour,"[ 3086082.160000, 1416000.000000, 3086422.170000, 1416572.870000 ]"
3082826.065,1416052.56,ContourElevations.228,228,g40lc,228,816,depressed_contour,"[ 3082754.090000, 1416011.690000, 3082826.910000, 1416092.830000 ]"
3082831.89500001,1416055.30499996,ContourElevations.229,229,g40lc,229,818,depressed_contour,"[ 3082735.240000, 1416005.440000, 3082833.040000, 1416103.460000 ]"
3078333.03,1416055.06,ContourElevations.230,230,g40lc,230,814,contour,"[ 3078293.670000, 1416006.450000, 3078390.730000, 1416103.250000 ]"
3078328.85115577,1416029.32499992,ContourElevations.231,231,g40lc,231,812,contour,"[ 3078299.630000, 1416011.890000, 3078329.350000, 1416045.830000 ]"
,,ContourElevations.232,232,g40lc,232,836,depressed_contour,"[ 3086886.650000, 1416022.080000, 3086927.780000, 1416184.050000 ]"
3083922.39,1416029.59,ContourElevations.233,233,g40lc,233,838,depressed_contour,"[ 3083890.670000, 1416017.880000, 3083923.750000, 1416045.440000 ]"
3083915.76971429,1416031.06,ContourElevations.234,234,g40lc,234,836,depressed_contour,"[ 3083895.830000, 1416020.250000, 3083916.100000, 1416039.010000 ]"
,,ContourElevations.235,235,g40lc,235,828,depressed_contour,"[ 3083395.790000, 1416020.940000, 3083649.590000, 1416430.310000 ]"
3082764.68789993,1416048.30500005,ContourElevations.236,236,g40lc,236,814,depressed_contour,"[ 3082764.490000, 1416018.880000, 3082820.100000, 1416077.970000 ]"
3082869.95408209,1416031.6599999,ContourElevations.237,237,g40lc,237,838,contour,"[ 3082861.410000, 1416025.290000, 3082875.440000, 1416035.750000 ]"
3078311.98,1416027.4299999,ContourElevations.238,238,g40lc,238,808,contour,"[ 3078311.660000, 1416024.000000, 3078316.320000, 1416030.330000 ]"
3078322.62172043,1416026.80999989,ContourElevations.239,239,g40lc,239,810,index,"[ 3078305.540000, 1416017.320000, 3078322.660000, 1416038.080000 ]"
,,ContourElevations.240,240,g40lc,240,826,depressed_contour,"[ 3083409.470000, 1416036.580000, 3083597.820000, 1416407.070000 ]"
3078110.63,1416131.35,ContourElevations.241,241,g40lc,241,808,contour,"[ 3078000.000000, 1416027.567700, 3078119.590000, 1416232.430000 ]"
3086944.21832412,1416170.40999952,ContourElevations.242,242,g40lc,242,836,contour,"[ 3086943.800000, 1416038.050000, 3087000.000000, 1416363.480000 ]"
3083522.3899437,1416208.4799999,ContourElevations.243,243,g40lc,243,824,depressed_contour,"[ 3083419.820000, 1416053.160000, 3083587.170000, 1416363.210000 ]"
3082906.56,1416062.87499995,ContourElevations.244,244,g40lc,244,830,depressed_index,"[ 3082898.850000, 1416051.460000, 3082926.340000, 1416069.530000 ]"
3078106.245,1416129.35500002,ContourElevations.245,245,g40lc,245,806,contour,"[ 3078000.000000, 1416045.502500, 3078111.370000, 1416216.840000 ]"
3078344.23492844,1416074.33,ContourElevations.246,246,g40lc,246,812,contour,"[ 3078342.820000, 1416050.970000, 3078381.550000, 1416097.740000 ]"
,,ContourElevations.247,247,g40lc,247,828,depressed_contour,"[ 3082908.550000, 1416056.030000, 3082919.460000, 1416064.610000 ]"
3078006.07,1416093.22,ContourElevations.248,248,g40lc,248,804,contour,"[ 3078000.000000, 1416064.021600, 3078006.450000, 1416124.891600 ]"
,,ContourElevations.249,249,g40lc,249,808,contour,"[ 3078354.810000, 1416062.650000, 3078363.690000, 1416077.280000 ]"
3078371.60470779,1416072.11,ContourElevations.250,250,g40lc,250,810,index,"[ 3078350.730000, 1416056.810000, 3078372.250000, 1416089.630000 ]"
3083836.19,1416170.41,ContourElevations.251,251,g40lc,251,832,depressed_contour,"[ 3083823.650000, 1416075.770000, 3083926.800000, 1416253.290000 ]"
3082836.17909583,1416107.93500019,ContourElevations.252,252,g40lc,252,830,index,"[ 3082831.270000, 1416080.930000, 3082859.330000, 1416133.740000 ]"
,,ContourElevations.253,253,g40lc,253,838,depressed_contour,"[ 3084062.930000, 1416081.370000, 3084357.620000, 1416301.050000 ]"
3083914.31462624,1416167.87500004,ContourElevations.254,254,g40lc,254,830,depressed_index,"[ 3083830.350000, 1416093.600000, 3083917.200000, 1416246.970000 ]"
3083991.51917265,1416097.67,ContourElevations.255,255,g40lc,255,830,depressed_index,"[ 3083964.790000, 1416094.040000, 3084000.420000, 1416107.440000 ]"
,,ContourElevations.256,256,g40lc,256,832,depressed_contour,"[ 3083942.140000, 1416086.260000, 3084016.750000, 1416124.960000 ]"
3078250.025,1416243.58,ContourElevations.257,257,g40lc,257,824,contour,"[ 3078000.000000, 1416084.560900, 3078304.510000, 1416400.320000 ]"
3080917.23651498,1416585.42000025,ContourElevations.258,258,g40lc,258,938,contour,"[ 3080659.040000, 1416087.680000, 3081185.090000, 1417078.100000 ]"
3082845.5064891,1416104.10500023,ContourElevations.259,259,g40lc,259,832,contour,"[ 3082841.760000, 1416086.240000, 3082854.700000, 1416116.260000 ]"
3084332.86816995,1416140.53,ContourElevations.260,260,g40lc,260,836,depressed_contour,"[ 3084201.270000, 1416101.210000, 3084342.610000, 1416182.500000 ]"
3083907.36373731,1416171.775,ContourElevations.261,261,g40lc,261,828,depressed_contour,"[ 3083839.170000, 1416102.490000, 3083909.020000, 1416240.230000 ]"
3078098.485,1416145.185,ContourElevations.262,262,g40lc,262,804,depressed_contour,"[ 3078000.000000, 1416105.480000, 3078101.140000, 1416182.800000 ]"
,,ContourElevations.263,263,g40lc,263,802,depressed_contour,"[ 3078005.300000, 1416113.950000, 3078096.150000, 1416153.930000 ]"
3083859.81956021,1416180.61499998,ContourElevations.264,264,g40lc,264,826,depressed_contour,"[ 3083846.340000, 1416124.220000, 3083900.830000, 1416232.660000 ]"
3083601.89106528,1416190.00500005,ContourElevations.265,265,g40lc,265,832,depressed_contour,"[ 3083601.370000, 1416132.540000, 3083664.970000, 1416247.560000 ]"
3084011.55499999,1416242.03,ContourElevations.266,266,g40lc,266,832,depressed_contour,"[ 3083929.060000, 1416160.480000, 3084031.220000, 1416323.320000 ]"
3083861.91,1416185.52,ContourElevations.267,267,g40lc,267,824,depressed_contour,"[ 3083854.310000, 1416148.680000, 3083892.640000, 1416221.320000 ]"
3082455.17309739,1416192.8099999,ContourElevations.268,268,g40lc,268,838,contour,"[ 3082452.800000, 1416159.180000, 3082494.010000, 1416223.050000 ]"
3084002.99499999,1416239.94499996,ContourElevations.269,269,g40lc,269,830,depressed_index,"[ 3083935.800000, 1416164.880000, 3084023.470000, 1416314.840000 ]"
3083946.53555967,1416237.49499993,ContourElevations.270,270,g40lc,270,828,depressed_contour,"[ 3083942.350000, 1416168.770000, 3084016.660000, 1416306.880000 ]"
3083012.30773099,1416212.05999982,ContourElevations.271,271,g40lc,271,836,contour,"[ 3083003.760000, 1416165.670000, 3083144.040000, 1416255.660000 ]"
3082640.05,1416192.92500002,ContourElevations.272,272,g40lc,272,834,contour,"[ 3082588.740000, 1416166.580000, 3082650.020000, 1416221.900000 ]"
3083025.27946441,1416209.62999987,ContourElevations.273,273,g40lc,273,834,contour,"[ 3083016.390000, 1416173.200000, 3083136.230000, 1416249.600000 ]"
3082852.47147614,1416257.05499995,ContourElevations.274,274,g40lc,274,826,depressed_contour,"[ 3082835.680000, 1416187.430000, 3082898.980000, 1416328.770000 ]"
3083958.8944377,1416236.87499992,ContourElevations.275,275,g40lc,275,826,depressed_contour,"[ 3083954.050000, 1416184.850000, 3084000.120000, 1416287.800000 ]"
3081416.87188381,1416238.2,ContourElevations.276,276,g40lc,276,848,contour,"[ 3081409.800000, 1416182.160000, 3081463.640000, 1416292.990000 ]"
3083034.46503427,1416209.69999989,ContourElevations.277,277,g40lc,277,832,contour,"[ 3083025.140000, 1416180.720000, 3083128.410000, 1416243.550000 ]"
,,ContourElevations.278,278,g40lc,278,832,contour,"[ 3082609.370000, 1416185.730000, 3082640.620000, 1416218.240000 ]"
3083039.29766495,1416214.39,ContourElevations.279,279,g40lc,279,830,index,"[ 3083033.890000, 1416186.960000, 3083119.930000, 1416237.500000 ]"
,,ContourElevations.280,280,g40lc,280,836,depressed_contour,"[ 3084071.490000, 1416189.640000, 3084218.460000, 1416291.790000 ]"
,,ContourElevations.281,281,g40lc,281,828,contour,"[ 3083042.630000, 1416192.210000, 3083110.930000, 1416231.450000 ]"
3083065.345,1416213.64,ContourElevations.282,282,g40lc,282,826,contour,"[ 3083051.380000, 1416197.450000, 3083101.930000, 1416225.490000 ]"
3084148.36264845,1416241.78500001,ContourElevations.283,283,g40lc,283,830,depressed_index,"[ 3084148.320000, 1416214.650000, 3084195.150000, 1416267.900000 ]"
3084079.53116279,1416221.88500003,ContourElevations.284,284,g40lc,284,834,depressed_contour,"[ 3084079.430000, 1416208.500000, 3084111.930000, 1416235.510000 ]"
3084143.06832605,1416242.07,ContourElevations.285,285,g40lc,285,832,depressed_contour,"[ 3084142.770000, 1416209.400000, 3084202.810000, 1416274.990000 ]"
3084133.56018867,1416244.65499993,ContourElevations.286,286,g40lc,286,834,depressed_contour,"[ 3084132.580000, 1416202.680000, 3084210.910000, 1416282.140000 ]"
3083530.15999923,1416209.750005,ContourElevations.287,287,g40lc,287,822,depressed_contour,"[ 3083516.990000, 1416202.660000, 3083573.770000, 1416320.500000 ]"
,,ContourElevations.288,288,g40lc,288,824,depressed_contour,"[ 3082862.880000, 1416204.640000, 3082884.580000, 1416231.950000 ]"
3083069.69217149,1416217.37,ContourElevations.289,289,g40lc,289,824,contour,"[ 3083063.700000, 1416212.610000, 3083080.540000, 1416220.160000 ]"
,,ContourElevations.290,290,g40lc,290,828,depressed_contour,"[ 3084153.790000, 1416222.990000, 3084188.090000, 1416261.610000 ]"
3078597.85866906,1416235.90500001,ContourElevations.291,291,g40lc,291,828,depressed_contour,"[ 3078597.500000, 1416226.240000, 3078612.650000, 1416245.550000 ]"
,,ContourElevations.292,292,g40lc,292,830,depressed_index,"[ 3078589.240000, 1416220.410000, 3078618.880000, 1416256.470000 ]"
3083546.27234754,1416269.08499985,ContourElevations.293,293,g40lc,293,820,depressed_index,"[ 3083529.060000, 1416237.040000, 3083556.460000, 1416300.300000 ]"
3080187.72958474,1416253.27500004,ContourElevations.294,294,g40lc,294,930,index,"[ 3080176.450000, 1416233.610000, 3080189.610000, 1416285.440000 ]"
3082720.23507688,1416287.58,ContourElevations.295,295,g40lc,295,826,depressed_contour,"[ 3082719.090000, 1416243.190000, 3082783.120000, 1416342.090000 ]"
3084269.71,1416310.17500003,ContourElevations.296,296,g40lc,296,850,index,"[ 3084267.630000, 1416250.070000, 3084393.680400, 1416362.766400 ]"
3083344.86144105,1416244.25000102,ContourElevations.297,297,g40lc,297,846,contour,"[ 3083342.600000, 1416243.060000, 3083347.750000, 1416245.770000 ]"
3079102.555,1416391.98,ContourElevations.298,298,g40lc,298,834,contour,"[ 3078811.230600, 1416269.290000, 3079114.410000, 1416509.642100 ]"
3082808.6,1416270.66500012,ContourElevations.299,299,g40lc,299,832,contour,"[ 3082802.800000, 1416261.410000, 3082814.670000, 1416277.750000 ]"
3079323.98,1416780.62,ContourElevations.300,300,g40lc,300,830,index,"[ 3078688.536600, 1416279.920000, 3079651.260000, 1417283.406500 ]"
3083818.64174679,1416316.47,ContourElevations.301,301,g40lc,301,830,depressed_index,"[ 3083817.280000, 1416278.020000, 3083890.870000, 1416356.140000 ]"
,,ContourElevations.302,302,g40lc,302,832,depressed_contour,"[ 3083809.240000, 1416270.540000, 3083901.460000, 1416367.760000 ]"
,,ContourElevations.303,303,g40lc,303,824,depressed_contour,"[ 3082763.500000, 1416281.710000, 3082776.490000, 1416320.840000 ]"
3078782.58000025,1416282.07500011,ContourElevations.304,304,g40lc,304,834,contour,"[ 3078779.035100, 1416281.470000, 3078785.105600, 1416283.546600 ]"
3078750.69499999,1416299.39,ContourElevations.305,305,g40lc,305,834,contour,"[ 3078749.490000, 1416281.614700, 3078755.879000, 1416314.545800 ]"
,,ContourElevations.306,306,g40lc,306,828,depressed_contour,"[ 3083825.320000, 1416285.150000, 3083882.430000, 1416343.010000 ]"
3082880.41906602,1416309.8199999,ContourElevations.307,307,g40lc,307,824,depressed_contour,"[ 3082854.670000, 1416295.310000, 3082881.560000, 1416325.530000 ]"
3082871.5331708,1416312.8600002,ContourElevations.308,308,g40lc,308,820,depressed_index,"[ 3082861.310000, 1416306.850000, 3082872.270000, 1416319.050000 ]"
3082876.04731993,1416311.21000014,ContourElevations.309,309,g40lc,309,822,depressed_contour,"[ 3082858.110000, 1416301.080000, 3082876.860000, 1416322.290000 ]"
3080894.585,1416445.54500001,ContourElevations.310,310,g40lc,310,930,index,"[ 3080850.606000, 1416333.642500, 3080995.322900, 1416597.511200 ]"
,,ContourElevations.311,311,g40lc,311,852,contour,"[ 3084298.010000, 1416297.480000, 3084332.290000, 1416309.020000 ]"
3078780.0191,1416313.98635,ContourElevations.312,312,g40lc,312,832,contour,"[ 3078778.373900, 1416312.231000, 3078781.664300, 1416315.741700 ]"
3079086.71,1416401.86,ContourElevations.313,313,g40lc,313,832,contour,"[ 3078809.990000, 1416298.010000, 3079090.960000, 1416509.489500 ]"
3080898.635,1416469.74500001,ContourElevations.314,314,g40lc,314,932,contour,"[ 3080842.517900, 1416353.548500, 3080982.806600, 1416596.862100 ]"
3078753.28820739,1416315.63844955,ContourElevations.315,315,g40lc,315,834,contour,"[ 3078753.105400, 1416315.537800, 3078753.465900, 1416315.700000 ]"
3083698.9100025,1416676.03,ContourElevations.316,316,g40lc,316,830,index,"[ 3083678.020000, 1416317.600000, 3084112.460000, 1416677.460000 ]"
3078254.71,1416820.81499999,ContourElevations.317,317,g40lc,317,824,contour,"[ 3078189.070000, 1416320.140000, 3079046.720000, 1417331.130000 ]"
3083735.70610604,1416373.48500022,ContourElevations.318,318,g40lc,318,826,depressed_contour,"[ 3083719.130000, 1416331.760000, 3083786.710000, 1416422.040000 ]"
3078930.79482886,1416372.86,ContourElevations.319,319,g40lc,319,828,depressed_contour,"[ 3078857.730000, 1416323.530000, 3078934.290000, 1416419.840000 ]"
3083952.81859954,1416365.99500009,ContourElevations.320,320,g40lc,320,836,contour,"[ 3083894.100000, 1416335.770000, 3083958.910000, 1416398.770000 ]"
,,ContourElevations.321,321,g40lc,321,828,contour,"[ 3083714.070000, 1416324.980000, 3083964.370000, 1416670.000000 ]"
3078267.87499997,1416818.25499996,ContourElevations.322,322,g40lc,322,822,contour,"[ 3078238.920000, 1416335.040000, 3079016.850000, 1417306.280000 ]"
3078300.34499998,1416808.87499988,ContourElevations.323,323,g40lc,323,820,depressed_index,"[ 3078281.760000, 1416344.250000, 3078970.700000, 1417282.830000 ]"
3078891.46844624,1416380.72,ContourElevations.324,324,g40lc,324,826,depressed_contour,"[ 3078889.650000, 1416345.010000, 3078926.250000, 1416413.060000 ]"
3082715.4850001,1416355.12999987,ContourElevations.325,325,g40lc,325,826,contour,"[ 3082699.290000, 1416342.640000, 3082718.580000, 1416362.340000 ]"
3083778.00950958,1416382.6699999,ContourElevations.326,326,g40lc,326,824,depressed_contour,"[ 3083752.920000, 1416354.310000, 3083779.980000, 1416406.560000 ]"
3078789.51925239,1416809.05999983,ContourElevations.327,327,g40lc,327,818,depressed_contour,"[ 3078355.480000, 1416354.810000, 3078890.890000, 1417254.560000 ]"
3078895.79379311,1416382.84,ContourElevations.328,328,g40lc,328,824,depressed_contour,"[ 3078894.490000, 1416361.610000, 3078921.400000, 1416404.210000 ]"
3086915.085,1416475.94,ContourElevations.329,329,g40lc,329,838,contour,"[ 3086732.840000, 1416360.230000, 3086922.870000, 1416610.280000 ]"
3078720.16317449,1416797.87000017,ContourElevations.330,330,g40lc,330,816,depressed_contour,"[ 3078394.620000, 1416371.440000, 3078797.800000, 1417227.760000 ]"
3078904.1223759,1416377.57999973,ContourElevations.331,331,g40lc,331,818,depressed_contour,"[ 3078903.450000, 1416374.750000, 3078906.580000, 1416379.190000 ]"
3078902.0548763,1416380.77499992,ContourElevations.332,332,g40lc,332,820,depressed_index,"[ 3078900.740000, 1416370.290000, 3078910.660000, 1416393.270000 ]"
3078899.33882574,1416382.68,ContourElevations.333,333,g40lc,333,822,depressed_contour,"[ 3078897.850000, 1416365.830000, 3078915.810000, 1416396.890000 ]"
3081537.40500004,1416463.35,ContourElevations.334,334,g40lc,334,852,contour,"[ 3081449.300000, 1416373.780000, 3081551.470000, 1416560.430000 ]"
,,ContourElevations.335,335,g40lc,335,814,depressed_contour,"[ 3078636.410000, 1416382.870000, 3078779.680000, 1416544.840000 ]"
,,ContourElevations.336,336,g40lc,336,850,index,"[ 3081462.380000, 1416381.500000, 3081529.060000, 1416553.720000 ]"
3084065.66273921,1416467.99,ContourElevations.337,337,g40lc,337,828,depressed_contour,"[ 3083988.060000, 1416399.610000, 3084072.270000, 1416533.410000 ]"
3078019.89014999,1416413.63275006,ContourElevations.338,338,g40lc,338,828,contour,"[ 3078000.000000, 1416403.780000, 3078020.910000, 1416420.005500 ]"
3078056.875,1416431.64,ContourElevations.339,339,g40lc,339,826,contour,"[ 3078000.000000, 1416392.391700, 3078066.940000, 1416468.304000 ]"
3081708.69500002,1417192.72,ContourElevations.340,340,g40lc,340,888,contour,"[ 3079822.240000, 1416401.067800, 3082120.610000, 1417989.710000 ]"
,,ContourElevations.341,341,g40lc,341,848,contour,"[ 3081474.780000, 1416398.840000, 3081519.730000, 1416528.510000 ]"
3079519.97272356,1417153.49499985,ContourElevations.342,342,g40lc,342,826,contour,"[ 3078084.400000, 1416397.710000, 3080015.850000, 1417910.760000 ]"
3084057.68672364,1416456.09,ContourElevations.343,343,g40lc,343,826,depressed_contour,"[ 3083994.750000, 1416406.440000, 3084060.710000, 1416503.090000 ]"
3084050.91209778,1416450.56500003,ContourElevations.344,344,g40lc,344,824,depressed_contour,"[ 3084001.070000, 1416413.260000, 3084054.760000, 1416493.520000 ]"
3083167.70456002,1416473.6450001,ContourElevations.345,345,g40lc,345,840,depressed_index,"[ 3083053.640000, 1416416.760000, 3083183.420000, 1416521.820000 ]"
,,ContourElevations.346,346,g40lc,346,812,depressed_contour,"[ 3078707.580000, 1416414.220000, 3078758.550000, 1416461.130000 ]"
3080382.63196382,1416570.71499962,ContourElevations.347,347,g40lc,347,930,index,"[ 3080374.990000, 1416440.142100, 3080694.459400, 1416727.399700 ]"
3080465.2236,1416429.20725,ContourElevations.348,348,g40lc,348,930,index,"[ 3080461.594700, 1416424.296200, 3080468.852500, 1416434.118300 ]"
3086930.2,1416498.8,ContourElevations.349,349,g40lc,349,838,contour,"[ 3086930.130000, 1416416.800000, 3086942.600000, 1416579.690000 ]"
3083139.80304015,1416473.65500018,ContourElevations.350,350,g40lc,350,834,depressed_contour,"[ 3083068.240000, 1416428.050000, 3083168.630000, 1416511.850000 ]"
3083161.07500005,1416465.3499999,ContourElevations.351,351,g40lc,351,836,depressed_contour,"[ 3083063.810000, 1416424.270000, 3083175.830000, 1416515.060000 ]"
3083164.14873062,1416469.71000011,ContourElevations.352,352,g40lc,352,838,depressed_contour,"[ 3083058.950000, 1416420.510000, 3083179.760000, 1416518.390000 ]"
,,ContourElevations.353,353,g40lc,353,810,depressed_index,"[ 3078719.760000, 1416428.170000, 3078750.690000, 1416451.580000 ]"
3083624.8700025,1416431.33,ContourElevations.354,354,g40lc,354,834,contour,"[ 3083623.800000, 1416430.750000, 3083626.980000, 1416431.810000 ]"
3083134.62419005,1416468.03499986,ContourElevations.355,355,g40lc,355,830,depressed_index,"[ 3083082.280000, 1416438.140000, 3083154.220000, 1416500.760000 ]"
3083127.53499998,1416471.81500003,ContourElevations.356,356,g40lc,356,828,depressed_contour,"[ 3083089.120000, 1416444.220000, 3083147.020000, 1416494.740000 ]"
3083137.22,1416470.76500003,ContourElevations.357,357,g40lc,357,832,depressed_contour,"[ 3083075.430000, 1416432.080000, 3083161.430000, 1416506.780000 ]"
,,ContourElevations.358,358,g40lc,358,840,depressed_index,"[ 3081644.050000, 1416432.510000, 3081849.740000, 1416597.840000 ]"
3081526.43386235,1417058.36500003,ContourElevations.359,359,g40lc,359,914,contour,"[ 3080158.257100, 1416454.799300, 3081576.040000, 1417665.730000 ]"
3081558.98,1417077.06500009,ContourElevations.360,360,g40lc,360,912,contour,"[ 3080114.763500, 1416465.440600, 3081592.160000, 1417691.550000 ]"
3086037.66,1416546.45500002,ContourElevations.361,361,g40lc,361,822,depressed_contour,"[ 3085949.900000, 1416451.990000, 3086086.490000, 1416635.400000 ]"
3084030.78569565,1416457.43499996,ContourElevations.362,362,g40lc,362,822,depressed_contour,"[ 3084026.300000, 1416454.800000, 3084030.800000, 1416459.770000 ]"
3083106.28,1416469.44500003,ContourElevations.363,363,g40lc,363,824,depressed_contour,"[ 3083102.890000, 1416456.220000, 3083130.440000, 1416482.700000 ]"
3083122.73798579,1416472.4099999,ContourElevations.364,364,g40lc,364,826,depressed_contour,"[ 3083095.960000, 1416450.050000, 3083139.820000, 1416488.720000 ]"
3078002.05005005,1416452.03644986,ContourElevations.365,365,g40lc,365,828,contour,"[ 3078000.000000, 1416447.022900, 3078003.910100, 1416457.193100 ]"
3079337.18499999,1418516.43500004,ContourElevations.366,366,g40lc,366,848,contour,"[ 3078282.926200, 1416455.780000, 3080461.670000, 1420575.390000 ]"
3082462.87582361,1416575.2500002,ContourElevations.367,367,g40lc,367,832,contour,"[ 3082453.930000, 1416455.780000, 3082677.890000, 1416685.360000 ]"
3078206.27999162,1416513.005,ContourElevations.368,368,g40lc,368,828,contour,"[ 3078120.310000, 1416454.850000, 3078216.380000, 1416574.460000 ]"
,,ContourElevations.369,369,g40lc,369,818,depressed_contour,"[ 3086092.210000, 1416464.100000, 3086172.110000, 1416554.260000 ]"
3081677.55964368,1416508.15999989,ContourElevations.370,370,g40lc,370,838,depressed_contour,"[ 3081668.590000, 1416460.380000, 3081799.870000, 1416542.620000 ]"
3078747.86500006,1416556.63500008,ContourElevations.371,371,g40lc,371,814,depressed_contour,"[ 3078440.990000, 1416460.240000, 3078769.370000, 1416657.660000 ]"
3078719.31914197,1416555.84500004,ContourElevations.372,372,g40lc,372,812,depressed_contour,"[ 3078473.830000, 1416465.080000, 3078735.690000, 1416649.070000 ]"
3078628.87499992,1416554.39499993,ContourElevations.373,373,g40lc,373,810,depressed_index,"[ 3078493.560000, 1416469.350000, 3078668.970000, 1416640.780000 ]"
3078099.54,1416565.155,ContourElevations.374,374,g40lc,374,824,contour,"[ 3078000.000000, 1416468.000000, 3078105.710000, 1416641.990000 ]"
3080322.535,1416611.23499999,ContourElevations.375,375,g40lc,375,926,contour,"[ 3080316.225800, 1416471.433500, 3080678.479900, 1416738.960000 ]"
3079867.26,1416488.685,ContourElevations.376,376,g40lc,376,892,contour,"[ 3079861.607900, 1416470.994500, 3079878.099800, 1416512.549600 ]"
,,ContourElevations.377,377,g40lc,377,826,contour,"[ 3083748.910000, 1416468.710000, 3083906.730000, 1416621.830000 ]"
3078712.52499998,1416506.95499995,ContourElevations.378,378,g40lc,378,810,depressed_index,"[ 3078711.290000, 1416482.280000, 3078762.100000, 1416525.590000 ]"
3078767.82021286,1416503.85499997,ContourElevations.379,379,g40lc,379,812,depressed_contour,"[ 3078705.840000, 1416474.070000, 3078770.890000, 1416531.300000 ]"
3078083.01,1416556.73,ContourElevations.380,380,g40lc,380,822,contour,"[ 3078000.000000, 1416480.340000, 3078093.370000, 1416637.650000 ]"
3080303.28499999,1416621.6599999,ContourElevations.381,381,g40lc,381,924,contour,"[ 3080288.283000, 1416500.637000, 3080607.940500, 1416739.459400 ]"
3079618.14,1416522.61500007,ContourElevations.382,382,g40lc,382,868,contour,"[ 3079617.990000, 1416502.515200, 3079626.920900, 1416556.088400 ]"
3079856.56499999,1416501.4199999,ContourElevations.383,383,g40lc,383,890,index,"[ 3079851.675700, 1416479.500700, 3079878.151000, 1416523.294000 ]"
3080667.83594473,1417258.2,ContourElevations.384,384,g40lc,384,890,index,"[ 3079872.080000, 1416510.003900, 3082105.200000, 1417972.620000 ]"
3078683.546976,1418515.18500009,ContourElevations.385,385,g40lc,385,846,contour,"[ 3078295.228200, 1416473.520000, 3080413.300000, 1420560.570000 ]"
,,ContourElevations.386,386,g40lc,386,824,depressed_contour,"[ 3083777.540000, 1416489.000000, 3083848.860000, 1416547.120000 ]"
,,ContourElevations.387,387,g40lc,387,822,depressed_contour,"[ 3083789.320000, 1416493.800000, 3083834.040000, 1416531.360000 ]"
3078843.90881934,1416531.33500001,ContourElevations.388,388,g40lc,388,818,depressed_contour,"[ 3078843.280000, 1416495.990000, 3078912.110000, 1416565.990000 ]"
,,ContourElevations.389,389,g40lc,389,804,depressed_contour,"[ 3078724.870000, 1416496.680000, 3078745.770000, 1416511.350000 ]"
,,ContourElevations.390,390,g40lc,390,806,depressed_contour,"[ 3078720.240000, 1416492.210000, 3078751.300000, 1416515.950000 ]"
3078754.55048988,1416505.6399999,ContourElevations.391,391,g40lc,391,808,depressed_contour,"[ 3078715.600000, 1416487.720000, 3078755.830000, 1416520.770000 ]"
3078077.48500001,1416566.56500002,ContourElevations.392,392,g40lc,392,820,index,"[ 3078000.000000, 1416490.170000, 3078083.710000, 1416632.320000 ]"
3086970.18894611,1416552.03500028,ContourElevations.393,393,g40lc,393,838,contour,"[ 3086943.760000, 1416491.390000, 3087000.000000, 1416620.400000 ]"
3080286.79,1416631.13999987,ContourElevations.394,394,g40lc,394,922,contour,"[ 3080276.240000, 1416501.460200, 3080589.960000, 1416739.878700 ]"
3079307.355,1418512.50500001,ContourElevations.395,395,g40lc,395,844,contour,"[ 3078000.000000, 1416489.610000, 3080388.090000, 1420534.220000 ]"
3082997.35179261,1416497.85999944,ContourElevations.396,396,g40lc,396,842,contour,"[ 3082989.710000, 1416496.650000, 3083002.720000, 1416498.710000 ]"
3082939.82946332,1416574.74500031,ContourElevations.397,397,g40lc,397,838,depressed_contour,"[ 3082930.230000, 1416501.860000, 3083035.690000, 1416645.850000 ]"
,,ContourElevations.398,398,g40lc,398,836,depressed_contour,"[ 3082933.970000, 1416505.080000, 3083030.770000, 1416637.540000 ]"
3082945.41499998,1416567.51499997,ContourElevations.399,399,g40lc,399,834,depressed_contour,"[ 3082937.730000, 1416508.300000, 3083025.690000, 1416629.220000 ]"
,,ContourElevations.400,400,g40lc,400,832,depressed_contour,"[ 3082941.180000, 1416511.100000, 3083020.440000, 1416620.910000 ]"
,,ContourElevations.401,401,g40lc,401,832,depressed_contour,"[ 3082817.350000, 1416509.880000, 3082872.510000, 1416557.850000 ]"
,,ContourElevations.402,402,g40lc,402,834,depressed_contour,"[ 3082813.740000, 1416506.370000, 3082876.620000, 1416560.820000 ]"
3082880.40500001,1416536.1599999,ContourElevations.403,403,g40lc,403,836,depressed_contour,"[ 3082810.120000, 1416502.860000, 3082880.720000, 1416563.640000 ]"
3078045.675,1416555.46499998,ContourElevations.404,404,g40lc,404,818,contour,"[ 3078000.000000, 1416501.500000, 3078049.880000, 1416615.160000 ]"
3081504.69000101,1416510.73500247,ContourElevations.405,405,g40lc,405,846,contour,"[ 3081504.000000, 1416509.050000, 3081505.380000, 1416513.760000 ]"
,,ContourElevations.406,406,g40lc,406,824,depressed_contour,"[ 3082831.890000, 1416523.730000, 3082849.470000, 1416546.060000 ]"
3083472.53893956,1416549.7149999,ContourElevations.407,407,g40lc,407,830,depressed_index,"[ 3083383.110000, 1416522.920000, 3083479.820000, 1416577.780000 ]"
3082951.22,1416559.85499996,ContourElevations.408,408,g40lc,408,828,depressed_contour,"[ 3082947.450000, 1416518.590000, 3083009.320000, 1416600.170000 ]"
3082951.06,1416553.6299999,ContourElevations.409,409,g40lc,409,826,depressed_contour,"[ 3082950.130000, 1416522.140000, 3083003.830000, 1416590.260000 ]"
3082949.95,1416561.92499996,ContourElevations.410,410,g40lc,410,830,depressed_index,"[ 3082944.730000, 1416515.040000, 3083014.680000, 1416609.660000 ]"
,,ContourElevations.411,411,g40lc,411,830,depressed_index,"[ 3082820.930000, 1416513.370000, 3082868.410000, 1416554.880000 ]"
3082828.68173831,1416532.9499999,ContourElevations.412,412,g40lc,412,826,depressed_contour,"[ 3082827.960000, 1416520.320000, 3082860.200000, 1416548.980000 ]"
,,ContourElevations.413,413,g40lc,413,828,depressed_contour,"[ 3082824.480000, 1416516.860000, 3082864.310000, 1416551.930000 ]"
3080708.915,1417224.97,ContourElevations.414,414,g40lc,414,896,contour,"[ 3079920.768600, 1416515.320000, 3082037.760000, 1417918.240000 ]"
3081541.50174328,1416513.38499985,ContourElevations.415,415,g40lc,415,854,contour,"[ 3081539.420000, 1416512.070000, 3081541.700000, 1416514.920000 ]"
3078755.85496686,1418331.4150001,ContourElevations.416,416,g40lc,416,836,contour,"[ 3078264.440000, 1416538.024600, 3080289.560000, 1420122.760000 ]"
3086038.13499999,1416586.09499999,ContourElevations.417,417,g40lc,417,820,depressed_index,"[ 3086020.940000, 1416538.780000, 3086072.420000, 1416631.100000 ]"
3083407.24370374,1416552.43,ContourElevations.418,418,g40lc,418,824,depressed_contour,"[ 3083392.260000, 1416535.030000, 3083469.000000, 1416565.550000 ]"
3083462.41595792,1416549.72999987,ContourElevations.419,419,g40lc,419,826,depressed_contour,"[ 3083389.210000, 1416530.990000, 3083472.610000, 1416569.630000 ]"
3083470.82994763,1416552.76,ContourElevations.420,420,g40lc,420,828,depressed_contour,"[ 3083386.160000, 1416526.960000, 3083476.210000, 1416573.700000 ]"
3082953.54,1416554.5,ContourElevations.421,421,g40lc,421,824,depressed_contour,"[ 3082952.870000, 1416525.690000, 3082998.390000, 1416580.340000 ]"
3082964.89,1416550.07499999,ContourElevations.422,422,g40lc,422,822,depressed_contour,"[ 3082960.680000, 1416530.110000, 3082994.180000, 1416570.850000 ]"
3078583.84032579,1418613.90499993,ContourElevations.423,423,g40lc,423,858,contour,"[ 3078000.000000, 1416566.257300, 3080555.090000, 1420647.080000 ]"
3079203.77,1416890.06499998,ContourElevations.424,424,g40lc,424,832,contour,"[ 3079050.660000, 1416527.570000, 3079684.188400, 1417256.435500 ]"
3080691.99,1417251.11,ContourElevations.425,425,g40lc,425,894,contour,"[ 3079916.210000, 1416539.850000, 3082071.810000, 1417938.390000 ]"
3083424.01698919,1416550.74,ContourElevations.426,426,g40lc,426,822,depressed_contour,"[ 3083395.360000, 1416539.110000, 3083465.380000, 1416561.440000 ]"
3079471.16092156,1418627.42500002,ContourElevations.427,427,g40lc,427,862,contour,"[ 3078000.000000, 1416585.203300, 3080581.420000, 1420663.200000 ]"
3078830.54486447,1418316.03,ContourElevations.428,428,g40lc,428,834,contour,"[ 3078279.910000, 1416541.760700, 3080220.210000, 1420082.650000 ]"
3080475.5308344,1416591.63084979,ContourElevations.429,429,g40lc,429,932,contour,"[ 3080411.700000, 1416576.446800, 3080488.640000, 1416609.310000 ]"
3078571.84347593,1418621.22000014,ContourElevations.430,430,g40lc,430,860,index,"[ 3078000.000000, 1416584.416400, 3080572.390000, 1420655.140000 ]"
3080913.95500001,1416628.04,ContourElevations.431,431,g40lc,431,940,index,"[ 3080819.770000, 1416583.730000, 3080917.570000, 1416676.600000 ]"
3081393.56,1417052.1,ContourElevations.432,432,g40lc,432,930,index,"[ 3080981.526400, 1416624.774600, 3081480.470000, 1417514.000000 ]"
3084115.375,1416626.57499997,ContourElevations.433,433,g40lc,433,838,contour,"[ 3084083.000000, 1416591.000000, 3084117.570000, 1416657.390000 ]"
3078108.58500003,1416615.50499994,ContourElevations.434,434,g40lc,434,826,contour,"[ 3078000.000000, 1416594.943900, 3078114.603000, 1416645.980000 ]"
3086293.93000051,1416603.23998746,ContourElevations.435,435,g40lc,435,816,depressed_contour,"[ 3086293.660000, 1416600.690000, 3086294.020000, 1416605.460000 ]"
3086289.69085764,1416617.39499993,ContourElevations.436,436,g40lc,436,818,depressed_contour,"[ 3086289.000000, 1416599.660000, 3086299.760000, 1416630.160000 ]"
3081375.61715951,1417063.1599999,ContourElevations.437,437,g40lc,437,932,contour,"[ 3080712.466600, 1416624.141000, 3081464.840000, 1417483.860000 ]"
3081085.19965,1416632.2966,ContourElevations.438,438,g40lc,438,920,index,"[ 3081083.289700, 1416629.295000, 3081087.109600, 1416635.298200 ]"
3081498.75,1417128.22,ContourElevations.439,439,g40lc,439,920,index,"[ 3080798.990100, 1416635.867100, 3081538.610000, 1417628.000000 ]"
3080935.72641715,1418116.32000022,ContourElevations.440,440,g40lc,440,848,contour,"[ 3080422.640000, 1416617.000400, 3082673.620000, 1419614.540000 ]"
3084567.92499997,1416625.09499995,ContourElevations.441,441,g40lc,441,846,contour,"[ 3084565.650000, 1416611.790000, 3084579.620000, 1416636.490000 ]"
3078114.77043458,1416629.4599999,ContourElevations.442,442,g40lc,442,828,contour,"[ 3078110.370000, 1416612.270000, 3078160.110000, 1416645.870000 ]"
3086990.86000013,1416632.70500022,ContourElevations.443,443,g40lc,443,836,contour,"[ 3086985.260000, 1416623.110000, 3087000.000000, 1416648.480000 ]"
3083907.3344325,1416913.84000017,ContourElevations.444,444,g40lc,444,836,contour,"[ 3083807.900000, 1416641.520600, 3084826.585100, 1417183.890000 ]"
3081510.29189875,1417136.60999989,ContourElevations.445,445,g40lc,445,918,contour,"[ 3080596.888100, 1416635.415500, 3081549.230000, 1417639.250000 ]"
3081665.68583576,1417272.59500049,ContourElevations.446,446,g40lc,446,898,contour,"[ 3080668.208000, 1416657.913800, 3082014.150000, 1417899.120000 ]"
3086303.73499999,1416749.52499999,ContourElevations.447,447,g40lc,447,820,depressed_index,"[ 3086239.570000, 1416657.620000, 3086345.780000, 1416849.330000 ]"
3086766.48,1416974.9499999,ContourElevations.448,448,g40lc,448,840,index,"[ 3086764.510000, 1416660.000000, 3087000.000000, 1417287.465000 ]"
3086728.24499999,1416980.49999988,ContourElevations.449,449,g40lc,449,838,contour,"[ 3086712.040000, 1416651.310000, 3087000.000000, 1417296.429800 ]"
3079198.90824531,1418298.96,ContourElevations.450,450,g40lc,450,828,contour,"[ 3078000.000000, 1416651.949700, 3080047.470000, 1419947.280000 ]"
3086321.2895039,1416766.95,ContourElevations.451,451,g40lc,451,818,depressed_contour,"[ 3086287.190000, 1416661.030000, 3086339.260000, 1416846.750000 ]"
3086389.2719954,1417061.65,ContourElevations.452,452,g40lc,452,822,contour,"[ 3086126.460000, 1416686.750000, 3086405.850000, 1417428.510000 ]"
3078795.13268229,1416955.445,ContourElevations.453,453,g40lc,453,814,depressed_contour,"[ 3078400.810000, 1416697.710000, 3078806.790000, 1417211.890000 ]"
3078988.24499999,1416786.3299999,ContourElevations.454,454,g40lc,454,824,hidden_contour,"[ 3078979.870000, 1416699.580000, 3079024.270000, 1416873.750000 ]"
3079011.54,1416753.17500001,ContourElevations.455,455,g40lc,455,826,hidden_contour,"[ 3078995.640000, 1416700.340000, 3079035.060000, 1416817.670000 ]"
3084656.9799975,1416695.39,ContourElevations.456,456,g40lc,456,844,contour,"[ 3084227.980000, 1416690.070000, 3084668.170000, 1416717.210000 ]"
3084105.56864133,1416752.04,ContourElevations.457,457,g40lc,457,840,index,"[ 3084090.340000, 1416697.380000, 3084172.230000, 1416805.480000 ]"
3078056.90499998,1416791.13,ContourElevations.458,458,g40lc,458,830,index,"[ 3078000.000000, 1416689.810000, 3078132.478900, 1416889.770000 ]"
,,ContourElevations.459,459,g40lc,459,830,depressed_index,"[ 3083553.290000, 1416703.280000, 3083782.480000, 1416858.070000 ]"
3078960.69,1416781.23500003,ContourElevations.460,460,g40lc,460,822,hidden_contour,"[ 3078944.010000, 1416701.390000, 3078963.160000, 1416874.650000 ]"
3079027.035,1416729.94,ContourElevations.461,461,g40lc,461,828,hidden_contour,"[ 3079020.720000, 1416702.300000, 3079036.080000, 1416754.760000 ]"
3080919.15499996,1416773.845,ContourElevations.462,462,g40lc,462,940,index,"[ 3080772.800000, 1416711.610000, 3080945.590000, 1416835.770000 ]"
3084146.95421341,1416723.87499998,ContourElevations.463,463,g40lc,463,842,contour,"[ 3084133.550000, 1416707.880000, 3084163.790000, 1416739.010000 ]"
3078026.535,1416809.645,ContourElevations.464,464,g40lc,464,832,contour,"[ 3078000.000000, 1416703.900000, 3078132.437200, 1416904.320000 ]"
3078686.67,1416851.83499998,ContourElevations.465,465,g40lc,465,812,depressed_contour,"[ 3078532.119600, 1416720.140000, 3078804.890000, 1416971.490000 ]"
3080819.3,1416726.89,ContourElevations.466,466,g40lc,466,942,contour,"[ 3080811.930000, 1416714.280000, 3080877.525300, 1416734.878800 ]"
3080630.24,1416764.575,ContourElevations.467,467,g40lc,467,924,contour,"[ 3080608.276800, 1416740.190300, 3080672.887100, 1416807.370000 ]"
3078681.31499999,1416869.84,ContourElevations.468,468,g40lc,468,810,depressed_index,"[ 3078563.440500, 1416740.160000, 3078802.120000, 1417001.590000 ]"
3080861.555,1417153.44499999,ContourElevations.469,469,g40lc,469,922,contour,"[ 3080601.761600, 1416748.895000, 3080865.360000, 1417547.255900 ]"
3081601.64,1420367.62,ContourElevations.470,470,g40lc,470,830,depressed_index,"[ 3081495.610000, 1416734.800000, 3085171.510000, 1424000.000000 ]"
3079533.345,1417311.87499998,ContourElevations.471,471,g40lc,471,824,contour,"[ 3078802.730000, 1416729.220000, 3079975.400000, 1417890.610000 ]"
3080870.44775,1416756.92195,ContourElevations.472,472,g40lc,472,942,contour,"[ 3080866.875500, 1416749.191300, 3080875.191600, 1416761.643900 ]"
3080855.25,1417155.73499999,ContourElevations.473,473,g40lc,473,920,index,"[ 3080599.329800, 1416752.144000, 3080860.480000, 1417584.373200 ]"
3079509.96,1417306.73500003,ContourElevations.474,474,g40lc,474,822,contour,"[ 3078840.800000, 1416746.020000, 3079927.270000, 1417867.900000 ]"
3080859.42502484,1416768.05589979,ContourElevations.475,475,g40lc,475,942,contour,"[ 3080856.388200, 1416767.326600, 3080860.568200, 1416768.780000 ]"
3080908.16,1417095.21999964,ContourElevations.476,476,g40lc,476,930,index,"[ 3080713.400000, 1416756.210000, 3080972.709400, 1417475.160000 ]"
3079493.0,1417319.09,ContourElevations.477,477,g40lc,477,820,index,"[ 3078858.570000, 1416767.900000, 3079894.880000, 1417851.850000 ]"
3078477.19,1416964.72,ContourElevations.478,478,g40lc,478,810,depressed_index,"[ 3078424.540000, 1416805.778100, 3078797.750000, 1417144.080000 ]"
3078467.60500001,1416970.92500001,ContourElevations.479,479,g40lc,479,812,depressed_contour,"[ 3078406.780000, 1416767.990000, 3078738.703700, 1417177.750000 ]"
3086940.35669311,1416876.47999978,ContourElevations.480,480,g40lc,480,842,contour,"[ 3086820.470000, 1416773.360000, 3087000.000000, 1416966.993200 ]"
3080879.56019634,1416796.03999985,ContourElevations.481,481,g40lc,481,942,contour,"[ 3080849.540000, 1416778.320000, 3080879.930000, 1416815.240000 ]"
3086123.2620455,1416883.87,ContourElevations.482,482,g40lc,482,826,contour,"[ 3085855.240000, 1416792.000000, 3086197.150000, 1416977.120000 ]"
3078835.41851736,1416846.00500008,ContourElevations.483,483,g40lc,483,818,hidden_depressed_contour,"[ 3078819.360000, 1416797.000000, 3078909.220000, 1416887.200000 ]"
3080869.745,1417174.415,ContourElevations.484,484,g40lc,484,924,contour,"[ 3080695.188800, 1416808.401500, 3080871.560000, 1417546.814900 ]"
3079474.31499999,1417322.48500003,ContourElevations.485,485,g40lc,485,818,contour,"[ 3078873.000000, 1416795.560000, 3079851.730000, 1417835.760000 ]"
3078698.27,1416957.75,ContourElevations.486,486,g40lc,486,808,depressed_contour,"[ 3078455.050000, 1416808.790000, 3078726.670000, 1417116.540000 ]"
3079461.915,1417322.91499998,ContourElevations.487,487,g40lc,487,816,contour,"[ 3078884.230000, 1416814.460000, 3079783.560000, 1417815.430000 ]"
,,ContourElevations.488,488,g40lc,488,940,index,"[ 3080968.760000, 1416832.730000, 3081098.810000, 1416990.410000 ]"
3084135.65002161,1416983.94501021,ContourElevations.489,489,g40lc,489,838,contour,"[ 3083898.340000, 1416832.530000, 3084329.170000, 1417080.370000 ]"
3078163.03660398,1416830.49499975,ContourElevations.490,490,g40lc,490,830,index,"[ 3078153.720100, 1416825.680000, 3078168.370000, 1416835.554700 ]"
3078779.70315176,1418409.60500048,ContourElevations.491,491,g40lc,491,830,index,"[ 3078178.990200, 1416843.693000, 3080079.050000, 1419978.140000 ]"
3078720.70502502,1416857.30819965,ContourElevations.492,492,g40lc,492,818,depressed_contour,"[ 3078719.570000, 1416847.974400, 3078725.478500, 1416861.160000 ]"
3078811.09500001,1416864.26,ContourElevations.493,493,g40lc,493,818,depressed_contour,"[ 3078783.247200, 1416837.310000, 3078819.360000, 1416886.450000 ]"
3078130.40534369,1416892.69,ContourElevations.494,494,g40lc,494,834,contour,"[ 3078000.000000, 1416843.648900, 3078274.397000, 1416943.560000 ]"
3078264.53500004,1416890.28500003,ContourElevations.495,495,g40lc,495,832,contour,"[ 3078145.140400, 1416865.945900, 3078284.110900, 1416912.418100 ]"
3078959.63,1416908.32499994,ContourElevations.496,496,g40lc,496,822,contour,"[ 3078959.090000, 1416874.650000, 3078984.041000, 1416953.003100 ]"
3079446.03,1417341.335,ContourElevations.497,497,g40lc,497,814,contour,"[ 3078895.360000, 1416874.800000, 3079668.440000, 1417793.950000 ]"
3086289.90417816,1417042.31500005,ContourElevations.498,498,g40lc,498,820,depressed_index,"[ 3086259.790000, 1416876.510000, 3086316.950000, 1417200.010000 ]"
3082131.44,1416904.8149998,ContourElevations.499,499,g40lc,499,844,depressed_contour,"[ 3082091.010000, 1416883.790000, 3082131.660000, 1416921.470000 ]"
3081889.89025187,1416916.94499985,ContourElevations.500,500,g40lc,500,866,depressed_contour,"[ 3081858.100000, 1416881.830000, 3081922.750000, 1416956.810000 ]"
